{
  "allExecutables" : [

  ],
  "builtTestProducts" : [
    {
      "packageName" : "PersistenceService",
      "productName" : "PersistenceServicePackageTests",
      "testBinary" : "\/Users\/ivanlazarev\/projects\/otus\/CryptoApp\/PersistenceService\/.build\/x86_64-apple-macosx\/debug\/PersistenceServicePackageTests.xctest\/Contents\/MacOS\/PersistenceServicePackageTests"
    }
  ],
  "copyCommands" : {

  },
  "rootExecutables" : [

  ],
  "swiftTargetMap" : {
    "C.PersistenceService-debug.module" : "PersistenceService",
    "C.PersistenceServiceTests-debug.module" : "PersistenceServiceTests"
  },
  "testDiscoveryCommands" : {

  }
}