{
  "": {
    "swift-dependencies": "/Users/ivanlazarev/projects/otus/CryptoApp/PersistenceService/.build/x86_64-apple-macosx/debug/PersistenceService.build/master.swiftdeps"
  },
  "/Users/ivanlazarev/projects/otus/CryptoApp/PersistenceService/Sources/PersistenceService/CoreDataHelpers/Managed.swift": {
    "dependencies": "/Users/ivanlazarev/projects/otus/CryptoApp/PersistenceService/.build/x86_64-apple-macosx/debug/PersistenceService.build/CoreDataHelpers/Managed.d",
    "object": "/Users/ivanlazarev/projects/otus/CryptoApp/PersistenceService/.build/x86_64-apple-macosx/debug/PersistenceService.build/CoreDataHelpers/Managed.swift.o",
    "swiftmodule": "/Users/ivanlazarev/projects/otus/CryptoApp/PersistenceService/.build/x86_64-apple-macosx/debug/PersistenceService.build/CoreDataHelpers/Managed~partial.swiftmodule",
    "swift-dependencies": "/Users/ivanlazarev/projects/otus/CryptoApp/PersistenceService/.build/x86_64-apple-macosx/debug/PersistenceService.build/CoreDataHelpers/Managed.swiftdeps"
  },
  "/Users/ivanlazarev/projects/otus/CryptoApp/PersistenceService/Sources/PersistenceService/CoreDataHelpers/ManagedObjectObserver.swift": {
    "dependencies": "/Users/ivanlazarev/projects/otus/CryptoApp/PersistenceService/.build/x86_64-apple-macosx/debug/PersistenceService.build/CoreDataHelpers/ManagedObjectObserver.d",
    "object": "/Users/ivanlazarev/projects/otus/CryptoApp/PersistenceService/.build/x86_64-apple-macosx/debug/PersistenceService.build/CoreDataHelpers/ManagedObjectObserver.swift.o",
    "swiftmodule": "/Users/ivanlazarev/projects/otus/CryptoApp/PersistenceService/.build/x86_64-apple-macosx/debug/PersistenceService.build/CoreDataHelpers/ManagedObjectObserver~partial.swiftmodule",
    "swift-dependencies": "/Users/ivanlazarev/projects/otus/CryptoApp/PersistenceService/.build/x86_64-apple-macosx/debug/PersistenceService.build/CoreDataHelpers/ManagedObjectObserver.swiftdeps"
  },
  "/Users/ivanlazarev/projects/otus/CryptoApp/PersistenceService/Sources/PersistenceService/CoreDataHelpers/NSManagedObjectContext+Extensions.swift": {
    "dependencies": "/Users/ivanlazarev/projects/otus/CryptoApp/PersistenceService/.build/x86_64-apple-macosx/debug/PersistenceService.build/CoreDataHelpers/NSManagedObjectContext+Extensions.d",
    "object": "/Users/ivanlazarev/projects/otus/CryptoApp/PersistenceService/.build/x86_64-apple-macosx/debug/PersistenceService.build/CoreDataHelpers/NSManagedObjectContext+Extensions.swift.o",
    "swiftmodule": "/Users/ivanlazarev/projects/otus/CryptoApp/PersistenceService/.build/x86_64-apple-macosx/debug/PersistenceService.build/CoreDataHelpers/NSManagedObjectContext+Extensions~partial.swiftmodule",
    "swift-dependencies": "/Users/ivanlazarev/projects/otus/CryptoApp/PersistenceService/.build/x86_64-apple-macosx/debug/PersistenceService.build/CoreDataHelpers/NSManagedObjectContext+Extensions.swiftdeps"
  },
  "/Users/ivanlazarev/projects/otus/CryptoApp/PersistenceService/Sources/PersistenceService/CoreDataHelpers/NSManagedObjectContext+Observers.swift": {
    "dependencies": "/Users/ivanlazarev/projects/otus/CryptoApp/PersistenceService/.build/x86_64-apple-macosx/debug/PersistenceService.build/CoreDataHelpers/NSManagedObjectContext+Observers.d",
    "object": "/Users/ivanlazarev/projects/otus/CryptoApp/PersistenceService/.build/x86_64-apple-macosx/debug/PersistenceService.build/CoreDataHelpers/NSManagedObjectContext+Observers.swift.o",
    "swiftmodule": "/Users/ivanlazarev/projects/otus/CryptoApp/PersistenceService/.build/x86_64-apple-macosx/debug/PersistenceService.build/CoreDataHelpers/NSManagedObjectContext+Observers~partial.swiftmodule",
    "swift-dependencies": "/Users/ivanlazarev/projects/otus/CryptoApp/PersistenceService/.build/x86_64-apple-macosx/debug/PersistenceService.build/CoreDataHelpers/NSManagedObjectContext+Observers.swiftdeps"
  },
  "/Users/ivanlazarev/projects/otus/CryptoApp/PersistenceService/Sources/PersistenceService/CoreDataStack/CoreDataStack.swift": {
    "dependencies": "/Users/ivanlazarev/projects/otus/CryptoApp/PersistenceService/.build/x86_64-apple-macosx/debug/PersistenceService.build/CoreDataStack/CoreDataStack.d",
    "object": "/Users/ivanlazarev/projects/otus/CryptoApp/PersistenceService/.build/x86_64-apple-macosx/debug/PersistenceService.build/CoreDataStack/CoreDataStack.swift.o",
    "swiftmodule": "/Users/ivanlazarev/projects/otus/CryptoApp/PersistenceService/.build/x86_64-apple-macosx/debug/PersistenceService.build/CoreDataStack/CoreDataStack~partial.swiftmodule",
    "swift-dependencies": "/Users/ivanlazarev/projects/otus/CryptoApp/PersistenceService/.build/x86_64-apple-macosx/debug/PersistenceService.build/CoreDataStack/CoreDataStack.swiftdeps"
  },
  "/Users/ivanlazarev/projects/otus/CryptoApp/PersistenceService/Sources/PersistenceService/Extensions/Array+Extensions.swift": {
    "dependencies": "/Users/ivanlazarev/projects/otus/CryptoApp/PersistenceService/.build/x86_64-apple-macosx/debug/PersistenceService.build/Extensions/Array+Extensions.d",
    "object": "/Users/ivanlazarev/projects/otus/CryptoApp/PersistenceService/.build/x86_64-apple-macosx/debug/PersistenceService.build/Extensions/Array+Extensions.swift.o",
    "swiftmodule": "/Users/ivanlazarev/projects/otus/CryptoApp/PersistenceService/.build/x86_64-apple-macosx/debug/PersistenceService.build/Extensions/Array+Extensions~partial.swiftmodule",
    "swift-dependencies": "/Users/ivanlazarev/projects/otus/CryptoApp/PersistenceService/.build/x86_64-apple-macosx/debug/PersistenceService.build/Extensions/Array+Extensions.swiftdeps"
  },
  "/Users/ivanlazarev/projects/otus/CryptoApp/PersistenceService/Sources/PersistenceService/Extensions/Sequence+Extensions.swift": {
    "dependencies": "/Users/ivanlazarev/projects/otus/CryptoApp/PersistenceService/.build/x86_64-apple-macosx/debug/PersistenceService.build/Extensions/Sequence+Extensions.d",
    "object": "/Users/ivanlazarev/projects/otus/CryptoApp/PersistenceService/.build/x86_64-apple-macosx/debug/PersistenceService.build/Extensions/Sequence+Extensions.swift.o",
    "swiftmodule": "/Users/ivanlazarev/projects/otus/CryptoApp/PersistenceService/.build/x86_64-apple-macosx/debug/PersistenceService.build/Extensions/Sequence+Extensions~partial.swiftmodule",
    "swift-dependencies": "/Users/ivanlazarev/projects/otus/CryptoApp/PersistenceService/.build/x86_64-apple-macosx/debug/PersistenceService.build/Extensions/Sequence+Extensions.swiftdeps"
  },
  "/Users/ivanlazarev/projects/otus/CryptoApp/PersistenceService/Sources/PersistenceService/PersistenceService.swift": {
    "dependencies": "/Users/ivanlazarev/projects/otus/CryptoApp/PersistenceService/.build/x86_64-apple-macosx/debug/PersistenceService.build/PersistenceService.d",
    "object": "/Users/ivanlazarev/projects/otus/CryptoApp/PersistenceService/.build/x86_64-apple-macosx/debug/PersistenceService.build/PersistenceService.swift.o",
    "swiftmodule": "/Users/ivanlazarev/projects/otus/CryptoApp/PersistenceService/.build/x86_64-apple-macosx/debug/PersistenceService.build/PersistenceService~partial.swiftmodule",
    "swift-dependencies": "/Users/ivanlazarev/projects/otus/CryptoApp/PersistenceService/.build/x86_64-apple-macosx/debug/PersistenceService.build/PersistenceService.swiftdeps"
  }
}
